[
		{
			"ts":1465543373,
			"state":"sent",
			"subject":"Opsigelse af abonnement p\u00e5 Information",
			"email":"dorakruchov@gmail.com",
			"tags":[],
			"opens":0,
			"clicks":0,
			"smtp_events":[
				{
					"ts":1465543376,
					"type":"sent",
					"diag":"250 2.0.0 OK 1465543376 n65si2281716ybg.210 - gsmtp",
					"source_ip":"198.2.136.11",
					"destination_ip":"173.194.219.27",
					"size":39434
				},
				{
					"ts":1465543376,
					"type":"sent",
					"diag":"250 2.0.0 OK 1465543376 n65si2281716ybg.210 - gsmtp",
					"source_ip":"198.2.136.11",
					"destination_ip":"173.194.219.27",
					"size":39434
				}
			],
			"resends":[],
			"_id":"74010cd6368a4d78b74cad933ae2507b",
			"sender":"noreply@information.dk",
			"template":"afgang",
			"opens_detail":[],
			"clicks_detail":[]
		},
		{
			"ts":1465437704,
			"state":"sent",
			"subject":"Lyst til at l\u00e6se videre?",
			"email":"dorakruchov@gmail.com",
			"tags":[],
			"opens":0,
			"clicks":0,
			"smtp_events":[
				{
					"ts":1465437705,
					"type":"sent",
					"diag":"250 2.0.0 OK 1465437705 j123si964956ywe.258 - gsmtp",
					"source_ip":"198.2.135.23",
					"destination_ip":"74.125.138.27",
					"size":46084
				},
				{
					"ts":1465437705,
					"type":"sent",
					"diag":"250 2.0.0 OK 1465437705 j123si964956ywe.258 - gsmtp",
					"source_ip":"198.2.135.23",
					"destination_ip":"74.125.138.27",
					"size":46084
				}
			],
			"resends":[],
			"_id":"65ffe80896104d078e1f9e4ff1334ed1",
			"sender":"noreply@information.dk",
			"template":"fornyelse",
			"opens_detail":[],
			"clicks_detail":[]
		}
	]